source_image	target_image	source_image_id	reported_size	architecture	status
swebench/swesmith.x86_64.adrienverge_1776_yamllint.8513d9b9:latest	registry.h.pjlab.org.cn/ailab-sys/swesmith.x86_64.adrienverge_1776_yamllint.8513d9b9:latest	fe4e56639cfe	4.67GB	linux/amd64	pending
swebench/swesmith.x86_64.agronholm_1776_exceptiongroup.0b4f4937:latest	registry.h.pjlab.org.cn/ailab-sys/swesmith.x86_64.agronholm_1776_exceptiongroup.0b4f4937:latest	f4a8e972191e	4.66GB	linux/amd64	pending
swebench/swesmith.x86_64.agronholm_1776_typeguard.b6a7e438:latest	registry.h.pjlab.org.cn/ailab-sys/swesmith.x86_64.agronholm_1776_typeguard.b6a7e438:latest	0d9c7d256a3a	4.92GB	linux/amd64	pending
swebench/swesmith.x86_64.aio-libs_1776_async-timeout.d0baa9f1:latest	registry.h.pjlab.org.cn/ailab-sys/swesmith.x86_64.aio-libs_1776_async-timeout.d0baa9f1:latest	017804acf6e5	4.86GB	linux/amd64	pending
swebench/swesmith.x86_64.akrylysov_1776_pogreb.76e9512d:latest	registry.h.pjlab.org.cn/ailab-sys/swesmith.x86_64.akrylysov_1776_pogreb.76e9512d:latest	7d19485f4465	1.4GB	linux/amd64	pending
swebench/swesmith.x86_64.alanjds_1776_drf-nested-routers.6144169d:latest	registry.h.pjlab.org.cn/ailab-sys/swesmith.x86_64.alanjds_1776_drf-nested-routers.6144169d:latest	5be54d87ee0b	4.94GB	linux/amd64	pending
swebench/swesmith.x86_64.alecthomas_1776_voluptuous.a7a55f83:latest	registry.h.pjlab.org.cn/ailab-sys/swesmith.x86_64.alecthomas_1776_voluptuous.a7a55f83:latest	3e614fe48357	4.67GB	linux/amd64	pending
swebench/swesmith.x86_64.allegro_1776_bigcache.5aa251c4:latest	registry.h.pjlab.org.cn/ailab-sys/swesmith.x86_64.allegro_1776_bigcache.5aa251c4:latest	d011803cbd94	1.39GB	linux/amd64	pending
swebench/swesmith.x86_64.amueller_1776_word_cloud.ec24191c:latest	registry.h.pjlab.org.cn/ailab-sys/swesmith.x86_64.amueller_1776_word_cloud.ec24191c:latest	996040e0e555	5.13GB	linux/amd64	pending
swebench/swesmith.x86_64.andialbrecht_1776_sqlparse.e57923b3:latest	registry.h.pjlab.org.cn/ailab-sys/swesmith.x86_64.andialbrecht_1776_sqlparse.e57923b3:latest	f891cf0bd098	4.66GB	linux/amd64	pending
swebench/swesmith.x86_64.antchfx_1776_xpath.8d50c252:latest	registry.h.pjlab.org.cn/ailab-sys/swesmith.x86_64.antchfx_1776_xpath.8d50c252:latest	fb40014ecff8	1.33GB	linux/amd64	pending
swebench/swesmith.x86_64.antonmedv_1776_fx.1ab8a99b:latest	registry.h.pjlab.org.cn/ailab-sys/swesmith.x86_64.antonmedv_1776_fx.1ab8a99b:latest	55798efacb90	1.66GB	linux/amd64	pending
swebench/swesmith.x86_64.ariga_1776_atlas.1afaaba2:latest	registry.h.pjlab.org.cn/ailab-sys/swesmith.x86_64.ariga_1776_atlas.1afaaba2:latest	6ce18bf730bc	1.61GB	linux/amd64	pending
swebench/swesmith.x86_64.arp242_1776_goatcounter.854b1dd2:latest	registry.h.pjlab.org.cn/ailab-sys/swesmith.x86_64.arp242_1776_goatcounter.854b1dd2:latest	7e84ef96c718	1.85GB	linux/amd64	pending
swebench/swesmith.x86_64.arrow-py_1776_arrow.1d70d009:latest	registry.h.pjlab.org.cn/ailab-sys/swesmith.x86_64.arrow-py_1776_arrow.1d70d009:latest	b6ee7b19255d	4.89GB	linux/amd64	pending
swebench/swesmith.x86_64.benoitc_1776_gunicorn.bacbf8aa:latest	registry.h.pjlab.org.cn/ailab-sys/swesmith.x86_64.benoitc_1776_gunicorn.bacbf8aa:latest	48493f3047dd	4.89GB	linux/amd64	pending
swebench/swesmith.x86_64.bits-and-blooms_1776_bitset.167865a2:latest	registry.h.pjlab.org.cn/ailab-sys/swesmith.x86_64.bits-and-blooms_1776_bitset.167865a2:latest	b3c4ae327314	1.34GB	linux/amd64	pending
swebench/swesmith.x86_64.blevesearch_1776_bleve.f2876b5e:latest	registry.h.pjlab.org.cn/ailab-sys/swesmith.x86_64.blevesearch_1776_bleve.f2876b5e:latest	08e8015f8267	2.33GB	linux/amd64	pending
swebench/swesmith.x86_64.bluele_1776_gcache.d8b7e051:latest	registry.h.pjlab.org.cn/ailab-sys/swesmith.x86_64.bluele_1776_gcache.d8b7e051:latest	c2b4a59f069b	1.34GB	linux/amd64	pending
swebench/swesmith.x86_64.bojanz_1776_address.ec203a4f:latest	registry.h.pjlab.org.cn/ailab-sys/swesmith.x86_64.bojanz_1776_address.ec203a4f:latest	bf91c290746a	1.39GB	linux/amd64	pending
swebench/swesmith.x86_64.borntyping_1776_python-colorlog.dfa10f59:latest	registry.h.pjlab.org.cn/ailab-sys/swesmith.x86_64.borntyping_1776_python-colorlog.dfa10f59:latest	a5c42a0b551c	4.66GB	linux/amd64	pending
swebench/swesmith.x86_64.bottlepy_1776_bottle.a8dfef30:latest	registry.h.pjlab.org.cn/ailab-sys/swesmith.x86_64.bottlepy_1776_bottle.a8dfef30:latest	856d718b143c	4.86GB	linux/amd64	pending
swebench/swesmith.x86_64.buriy_1776_python-readability.40256f40:latest	registry.h.pjlab.org.cn/ailab-sys/swesmith.x86_64.buriy_1776_python-readability.40256f40:latest	21b5f6342986	4.7GB	linux/amd64	pending
swebench/swesmith.x86_64.burnash_1776_gspread.a8be3b96:latest	registry.h.pjlab.org.cn/ailab-sys/swesmith.x86_64.burnash_1776_gspread.a8be3b96:latest	5267a13ace49	4.66GB	linux/amd64	pending
swebench/swesmith.x86_64.bytedance_1776_sonic.de4f017f:latest	registry.h.pjlab.org.cn/ailab-sys/swesmith.x86_64.bytedance_1776_sonic.de4f017f:latest	f64d58c68046	1.97GB	linux/amd64	pending
swebench/swesmith.x86_64.c-bata_1776_go-prompt.82a91227:latest	registry.h.pjlab.org.cn/ailab-sys/swesmith.x86_64.c-bata_1776_go-prompt.82a91227:latest	3daf51c74a01	1.35GB	linux/amd64	pending
swebench/swesmith.x86_64.caarlos0_1776_env.56a09d29:latest	registry.h.pjlab.org.cn/ailab-sys/swesmith.x86_64.caarlos0_1776_env.56a09d29:latest	ddb461183d1a	1.39GB	linux/amd64	pending
swebench/swesmith.x86_64.caddyserver_1776_caddy.77dd12cc:latest	registry.h.pjlab.org.cn/ailab-sys/swesmith.x86_64.caddyserver_1776_caddy.77dd12cc:latest	1a2e9001bbc6	3.14GB	linux/amd64	pending
swebench/swesmith.x86_64.cantools_1776_cantools.0c6a7871:latest	registry.h.pjlab.org.cn/ailab-sys/swesmith.x86_64.cantools_1776_cantools.0c6a7871:latest	1e631be5f619	5.14GB	linux/amd64	pending
swebench/swesmith.x86_64.chardet_1776_chardet.9630f238:latest	registry.h.pjlab.org.cn/ailab-sys/swesmith.x86_64.chardet_1776_chardet.9630f238:latest	08e07b0219dd	4.68GB	linux/amd64	pending
swebench/swesmith.x86_64.charmbracelet_1776_bubbletea.ca9473b2:latest	registry.h.pjlab.org.cn/ailab-sys/swesmith.x86_64.charmbracelet_1776_bubbletea.ca9473b2:latest	07960354d65b	1.47GB	linux/amd64	pending
swebench/swesmith.x86_64.cknd_1776_stackprinter.219fcc52:latest	registry.h.pjlab.org.cn/ailab-sys/swesmith.x86_64.cknd_1776_stackprinter.219fcc52:latest	d9e850c047b2	4.61GB	linux/amd64	pending
swebench/swesmith.x86_64.cloudpipe_1776_cloudpickle.6220b0ce:latest	registry.h.pjlab.org.cn/ailab-sys/swesmith.x86_64.cloudpipe_1776_cloudpickle.6220b0ce:latest	8a93658df0bd	4.9GB	linux/amd64	pending
swebench/swesmith.x86_64.cog-creators_1776_red-discordbot.33e0eac7:latest	registry.h.pjlab.org.cn/ailab-sys/swesmith.x86_64.cog-creators_1776_red-discordbot.33e0eac7:latest	efe749af7b4d	5.08GB	linux/amd64	pending
swebench/swesmith.x86_64.conan-io_1776_conan.86f29e13:latest	registry.h.pjlab.org.cn/ailab-sys/swesmith.x86_64.conan-io_1776_conan.86f29e13:latest	db8589f5c399	4.71GB	linux/amd64	pending
swebench/swesmith.x86_64.contentsquare_1776_chproxy.a9364c8b:latest	registry.h.pjlab.org.cn/ailab-sys/swesmith.x86_64.contentsquare_1776_chproxy.a9364c8b:latest	0c455a917fc2	1.96GB	linux/amd64	pending
swebench/swesmith.x86_64.cookiecutter_1776_cookiecutter.b4451231:latest	registry.h.pjlab.org.cn/ailab-sys/swesmith.x86_64.cookiecutter_1776_cookiecutter.b4451231:latest	4970aea78d17	4.8GB	linux/amd64	pending
swebench/swesmith.x86_64.cool-rr_1776_pysnooper.57472b46:latest	registry.h.pjlab.org.cn/ailab-sys/swesmith.x86_64.cool-rr_1776_pysnooper.57472b46:latest	028d1e8f6ccd	4.66GB	linux/amd64	pending
swebench/swesmith.x86_64.couchbase_1776_moss.bf10bab2:latest	registry.h.pjlab.org.cn/ailab-sys/swesmith.x86_64.couchbase_1776_moss.bf10bab2:latest	824ccaed4632	1.36GB	linux/amd64	pending
swebench/swesmith.x86_64.cweill_1776_gotests.16a93f6e:latest	registry.h.pjlab.org.cn/ailab-sys/swesmith.x86_64.cweill_1776_gotests.16a93f6e:latest	35c6f0f8de9f	1.45GB	linux/amd64	pending
swebench/swesmith.x86_64.dask_1776_dask.5f61e423:latest	registry.h.pjlab.org.cn/ailab-sys/swesmith.x86_64.dask_1776_dask.5f61e423:latest	9f9e151c6eab	6.23GB	linux/amd64	pending
swebench/swesmith.x86_64.datamade_1776_usaddress.a42a8f0c:latest	registry.h.pjlab.org.cn/ailab-sys/swesmith.x86_64.datamade_1776_usaddress.a42a8f0c:latest	9835ac5a7ac1	4.93GB	linux/amd64	pending
swebench/swesmith.x86_64.davidhalter_1776_parso.338a5760:latest	registry.h.pjlab.org.cn/ailab-sys/swesmith.x86_64.davidhalter_1776_parso.338a5760:latest	27a6e85076f6	4.66GB	linux/amd64	pending
swebench/swesmith.x86_64.dbader_1776_schedule.82a43db1:latest	registry.h.pjlab.org.cn/ailab-sys/swesmith.x86_64.dbader_1776_schedule.82a43db1:latest	636d2fa7f06a	4.91GB	linux/amd64	pending
swebench/swesmith.x86_64.deckarep_1776_golang-set.9480c3eb:latest	registry.h.pjlab.org.cn/ailab-sys/swesmith.x86_64.deckarep_1776_golang-set.9480c3eb:latest	98fc1eaa1df4	1.34GB	linux/amd64	pending
swebench/swesmith.x86_64.denisenkom_1776_go-mssqldb.103f0369:latest	registry.h.pjlab.org.cn/ailab-sys/swesmith.x86_64.denisenkom_1776_go-mssqldb.103f0369:latest	853a4b61664e	1.62GB	linux/amd64	pending
swebench/swesmith.x86_64.derekparker_1776_trie.4095f8e3:latest	registry.h.pjlab.org.cn/ailab-sys/swesmith.x86_64.derekparker_1776_trie.4095f8e3:latest	4ec8dc73d729	1.33GB	linux/amd64	pending
swebench/swesmith.x86_64.dimfeld_1776_httptreemux.53a6a099:latest	registry.h.pjlab.org.cn/ailab-sys/swesmith.x86_64.dimfeld_1776_httptreemux.53a6a099:latest	ae6410eeb830	1.39GB	linux/amd64	pending
swebench/swesmith.x86_64.django-money_1776_django-money.835c1ab8:latest	registry.h.pjlab.org.cn/ailab-sys/swesmith.x86_64.django-money_1776_django-money.835c1ab8:latest	2653217b0ea3	4.93GB	linux/amd64	pending
swebench/swesmith.x86_64.django_1776_channels.a144b4b8:latest	registry.h.pjlab.org.cn/ailab-sys/swesmith.x86_64.django_1776_channels.a144b4b8:latest	2a078d1d23c4	4.84GB	linux/amd64	pending
swebench/swesmith.x86_64.django_1776_daphne.32ac73e1:latest	registry.h.pjlab.org.cn/ailab-sys/swesmith.x86_64.django_1776_daphne.32ac73e1:latest	11ab45868436	4.84GB	linux/amd64	pending
swebench/swesmith.x86_64.doctrine_1776_dbal.acb68b38:latest	registry.h.pjlab.org.cn/ailab-sys/swesmith.x86_64.doctrine_1776_dbal.acb68b38:latest	3c27f2277c58	1.09GB	linux/amd64	pending
swebench/swesmith.x86_64.doug-martin_1776_goqu.21b6e6d1:latest	registry.h.pjlab.org.cn/ailab-sys/swesmith.x86_64.doug-martin_1776_goqu.21b6e6d1:latest	340cdb95e518	1.58GB	linux/amd64	pending
swebench/swesmith.x86_64.emirpasic_1776_gods.1d83d5ae:latest	registry.h.pjlab.org.cn/ailab-sys/swesmith.x86_64.emirpasic_1776_gods.1d83d5ae:latest	ed25b25ec16f	1.42GB	linux/amd64	pending
swebench/swesmith.x86_64.encode_1776_starlette.db5063c2:latest	registry.h.pjlab.org.cn/ailab-sys/swesmith.x86_64.encode_1776_starlette.db5063c2:latest	9af8fb61273f	5.11GB	linux/amd64	pending
swebench/swesmith.x86_64.erikrose_1776_parsimonious.0d3f5f93:latest	registry.h.pjlab.org.cn/ailab-sys/swesmith.x86_64.erikrose_1776_parsimonious.0d3f5f93:latest	6267c73bbc44	4.67GB	linux/amd64	pending
swebench/swesmith.x86_64.facebookresearch_1776_fvcore.a491d5b9:latest	registry.h.pjlab.org.cn/ailab-sys/swesmith.x86_64.facebookresearch_1776_fvcore.a491d5b9:latest	2e35005df856	19.5GB	linux/amd64	pending
swebench/swesmith.x86_64.facebookresearch_1776_hydra.0f03eb60:latest	registry.h.pjlab.org.cn/ailab-sys/swesmith.x86_64.facebookresearch_1776_hydra.0f03eb60:latest	31942aad9a59	5.52GB	linux/amd64	pending
swebench/swesmith.x86_64.facelessuser_1776_soupsieve.a8080d97:latest	registry.h.pjlab.org.cn/ailab-sys/swesmith.x86_64.facelessuser_1776_soupsieve.a8080d97:latest	1adae70570f5	4.79GB	linux/amd64	pending
swebench/swesmith.x86_64.fatedier_1776_frp.61330d4d:latest	registry.h.pjlab.org.cn/ailab-sys/swesmith.x86_64.fatedier_1776_frp.61330d4d:latest	296294bc0e6e	1.64GB	linux/amd64	pending
swebench/swesmith.x86_64.gawel_1776_pyquery.811cd048:latest	registry.h.pjlab.org.cn/ailab-sys/swesmith.x86_64.gawel_1776_pyquery.811cd048:latest	a4a015ce3241	4.7GB	linux/amd64	pending
swebench/swesmith.x86_64.getmoto_1776_moto.694ce1f4:latest	registry.h.pjlab.org.cn/ailab-sys/swesmith.x86_64.getmoto_1776_moto.694ce1f4:latest	be3b3aa665c7	6.01GB	linux/amd64	pending
swebench/swesmith.x86_64.getnikola_1776_nikola.0f4c230e:latest	registry.h.pjlab.org.cn/ailab-sys/swesmith.x86_64.getnikola_1776_nikola.0f4c230e:latest	0457d5e95af2	5.19GB	linux/amd64	pending
swebench/swesmith.x86_64.gin-gonic_1776_gin.3c12d2a8:latest	registry.h.pjlab.org.cn/ailab-sys/swesmith.x86_64.gin-gonic_1776_gin.3c12d2a8:latest	8f88f65bbc45	1.84GB	linux/amd64	pending
swebench/swesmith.x86_64.go-chi_1776_chi.23c395f8:latest	registry.h.pjlab.org.cn/ailab-sys/swesmith.x86_64.go-chi_1776_chi.23c395f8:latest	95b4aa88b074	1.4GB	linux/amd64	pending
swebench/swesmith.x86_64.go-critic_1776_go-critic.db2ec6f4:latest	registry.h.pjlab.org.cn/ailab-sys/swesmith.x86_64.go-critic_1776_go-critic.db2ec6f4:latest	9ed8110a79c4	1.7GB	linux/amd64	pending
swebench/swesmith.x86_64.go-gorm_1776_gorm.1e8baf54:latest	registry.h.pjlab.org.cn/ailab-sys/swesmith.x86_64.go-gorm_1776_gorm.1e8baf54:latest	a44bee569ad5	1.45GB	linux/amd64	pending
swebench/swesmith.x86_64.go-gota_1776_gota.f7054095:latest	registry.h.pjlab.org.cn/ailab-sys/swesmith.x86_64.go-gota_1776_gota.f7054095:latest	0519f3100339	1.41GB	linux/amd64	pending
swebench/swesmith.x86_64.go-ini_1776_ini.b2f570e5:latest	registry.h.pjlab.org.cn/ailab-sys/swesmith.x86_64.go-ini_1776_ini.b2f570e5:latest	aea8481f39be	1.26GB	linux/amd64	pending
swebench/swesmith.x86_64.go-sql-driver_1776_mysql.76c00e35:latest	registry.h.pjlab.org.cn/ailab-sys/swesmith.x86_64.go-sql-driver_1776_mysql.76c00e35:latest	690ca5c9609a	1.38GB	linux/amd64	pending
swebench/swesmith.x86_64.go-zoo_1776_bone.31c3a0bb:latest	registry.h.pjlab.org.cn/ailab-sys/swesmith.x86_64.go-zoo_1776_bone.31c3a0bb:latest	490a977e8df5	1.39GB	linux/amd64	pending
swebench/swesmith.x86_64.godror_1776_godror.cc3b65ef:latest	registry.h.pjlab.org.cn/ailab-sys/swesmith.x86_64.godror_1776_godror.cc3b65ef:latest	6dac0e458152	1.5GB	linux/amd64	pending
swebench/swesmith.x86_64.golang_1776_groupcache.2c02b820:latest	registry.h.pjlab.org.cn/ailab-sys/swesmith.x86_64.golang_1776_groupcache.2c02b820:latest	2b39b08a3083	1.43GB	linux/amd64	pending
swebench/swesmith.x86_64.google_1776_gson.dd2fe59c:latest	registry.h.pjlab.org.cn/ailab-sys/swesmith.x86_64.google_1776_gson.dd2fe59c:latest	7bd28cc71ee5	1.41GB	linux/amd64	pending
swebench/swesmith.x86_64.google_1776_textfsm.c31b6007:latest	registry.h.pjlab.org.cn/ailab-sys/swesmith.x86_64.google_1776_textfsm.c31b6007:latest	b065f17ac76d	4.49GB	linux/amd64	pending
swebench/swesmith.x86_64.gookit_1776_color.5a495618:latest	registry.h.pjlab.org.cn/ailab-sys/swesmith.x86_64.gookit_1776_color.5a495618:latest	be9935e4f079	1.43GB	linux/amd64	pending
swebench/swesmith.x86_64.gosuri_1776_uiprogress.484b9f69:latest	registry.h.pjlab.org.cn/ailab-sys/swesmith.x86_64.gosuri_1776_uiprogress.484b9f69:latest	586125ee9f53	1.35GB	linux/amd64	pending
swebench/swesmith.x86_64.graphql-python_1776_graphene.82903263:latest	registry.h.pjlab.org.cn/ailab-sys/swesmith.x86_64.graphql-python_1776_graphene.82903263:latest	8670169c10a5	4.68GB	linux/amd64	pending
swebench/swesmith.x86_64.gruns_1776_furl.da386f68:latest	registry.h.pjlab.org.cn/ailab-sys/swesmith.x86_64.gruns_1776_furl.da386f68:latest	41d6849858d3	4.66GB	linux/amd64	pending
swebench/swesmith.x86_64.gruns_1776_icecream.f76fef56:latest	registry.h.pjlab.org.cn/ailab-sys/swesmith.x86_64.gruns_1776_icecream.f76fef56:latest	3cf1121749e2	4.63GB	linux/amd64	pending
swebench/swesmith.x86_64.gweis_1776_isodate.17cb25eb:latest	registry.h.pjlab.org.cn/ailab-sys/swesmith.x86_64.gweis_1776_isodate.17cb25eb:latest	8f9bb0bac789	4.66GB	linux/amd64	pending
swebench/swesmith.x86_64.hamba_1776_avro.ec06b38c:latest	registry.h.pjlab.org.cn/ailab-sys/swesmith.x86_64.hamba_1776_avro.ec06b38c:latest	7d682e04015d	1.67GB	linux/amd64	pending
swebench/swesmith.x86_64.hdt3213_1776_godis.8a81b911:latest	registry.h.pjlab.org.cn/ailab-sys/swesmith.x86_64.hdt3213_1776_godis.8a81b911:latest	769497a9c8bb	1.53GB	linux/amd64	pending
swebench/swesmith.x86_64.hdt3213_1776_rdb.087190b9:latest	registry.h.pjlab.org.cn/ailab-sys/swesmith.x86_64.hdt3213_1776_rdb.087190b9:latest	0fff44e38499	1.47GB	linux/amd64	pending
swebench/swesmith.x86_64.hips_1776_autograd.ac044f0d:latest	registry.h.pjlab.org.cn/ailab-sys/swesmith.x86_64.hips_1776_autograd.ac044f0d:latest	de0dcf1bb69d	5.02GB	linux/amd64	pending
swebench/swesmith.x86_64.hjson_1776_hjson-go.f3219653:latest	registry.h.pjlab.org.cn/ailab-sys/swesmith.x86_64.hjson_1776_hjson-go.f3219653:latest	470d176c3583	1.35GB	linux/amd64	pending
swebench/swesmith.x86_64.hukkin_1776_tomli.443a0c1b:latest	registry.h.pjlab.org.cn/ailab-sys/swesmith.x86_64.hukkin_1776_tomli.443a0c1b:latest	a804c30560d7	4.66GB	linux/amd64	pending
swebench/swesmith.x86_64.hypermodeinc_1776_ristretto.da570116:latest	registry.h.pjlab.org.cn/ailab-sys/swesmith.x86_64.hypermodeinc_1776_ristretto.da570116:latest	2b9762a9257a	1.43GB	linux/amd64	pending
swebench/swesmith.x86_64.incu6us_1776_goimports-reviser.fb560c58:latest	registry.h.pjlab.org.cn/ailab-sys/swesmith.x86_64.incu6us_1776_goimports-reviser.fb560c58:latest	362ec3cc59e4	1.47GB	linux/amd64	pending
swebench/swesmith.x86_64.instagram_1776_monkeytype.70c3acf6:latest	registry.h.pjlab.org.cn/ailab-sys/swesmith.x86_64.instagram_1776_monkeytype.70c3acf6:latest	27c699457657	4.51GB	linux/amd64	pending
swebench/swesmith.x86_64.iterative_1776_dvc.1d6ea681:latest	registry.h.pjlab.org.cn/ailab-sys/swesmith.x86_64.iterative_1776_dvc.1d6ea681:latest	cd9faa15ad3c	5.93GB	linux/amd64	pending
swebench/swesmith.x86_64.jaraco_1776_inflect.c079a96a:latest	registry.h.pjlab.org.cn/ailab-sys/swesmith.x86_64.jaraco_1776_inflect.c079a96a:latest	f8aad0fcab33	4.49GB	linux/amd64	pending
swebench/swesmith.x86_64.jawah_1776_charset_normalizer.1fdd6463:latest	registry.h.pjlab.org.cn/ailab-sys/swesmith.x86_64.jawah_1776_charset_normalizer.1fdd6463:latest	1f22bd266167	4.74GB	linux/amd64	pending
swebench/swesmith.x86_64.jd_1776_tenacity.0d40e76f:latest	registry.h.pjlab.org.cn/ailab-sys/swesmith.x86_64.jd_1776_tenacity.0d40e76f:latest	7ec64b27cf64	4.81GB	linux/amd64	pending
swebench/swesmith.x86_64.jellydator_1776_ttlcache.7145e12e:latest	registry.h.pjlab.org.cn/ailab-sys/swesmith.x86_64.jellydator_1776_ttlcache.7145e12e:latest	ad54ebc3deb4	1.4GB	linux/amd64	pending
swebench/swesmith.x86_64.jessevdk_1776_go-flags.8eae68f0:latest	registry.h.pjlab.org.cn/ailab-sys/swesmith.x86_64.jessevdk_1776_go-flags.8eae68f0:latest	14f759db20d7	1.29GB	linux/amd64	pending
swebench/swesmith.x86_64.jf-tech_1776_omniparser.d4371ab7:latest	registry.h.pjlab.org.cn/ailab-sys/swesmith.x86_64.jf-tech_1776_omniparser.d4371ab7:latest	9c6b38b0ed78	1.42GB	linux/amd64	pending
swebench/swesmith.x86_64.john-kurkowski_1776_tldextract.3d1bf184:latest	registry.h.pjlab.org.cn/ailab-sys/swesmith.x86_64.john-kurkowski_1776_tldextract.3d1bf184:latest	78345d75c699	4.94GB	linux/amd64	pending
swebench/swesmith.x86_64.joho_1776_godotenv.3a7a1902:latest	registry.h.pjlab.org.cn/ailab-sys/swesmith.x86_64.joho_1776_godotenv.3a7a1902:latest	eb4c47e629ab	1.26GB	linux/amd64	pending
swebench/swesmith.x86_64.joke2k_1776_faker.8b401a7d:latest	registry.h.pjlab.org.cn/ailab-sys/swesmith.x86_64.joke2k_1776_faker.8b401a7d:latest	51aa0de3849b	4.85GB	linux/amd64	pending
swebench/swesmith.x86_64.jsvine_1776_pdfplumber.02ff4313:latest	registry.h.pjlab.org.cn/ailab-sys/swesmith.x86_64.jsvine_1776_pdfplumber.02ff4313:latest	eb85075e1f4d	5.68GB	linux/amd64	pending
swebench/swesmith.x86_64.julienschmidt_1776_httprouter.48401801:latest	registry.h.pjlab.org.cn/ailab-sys/swesmith.x86_64.julienschmidt_1776_httprouter.48401801:latest	57065a3c56ad	1.26GB	linux/amd64	pending
swebench/swesmith.x86_64.junegunn_1776_fzf.976001e4:latest	registry.h.pjlab.org.cn/ailab-sys/swesmith.x86_64.junegunn_1776_fzf.976001e4:latest	dcd2b7a491f5	1.47GB	linux/amd64	pending
swebench/swesmith.x86_64.kayak_1776_pypika.1c9646f0:latest	registry.h.pjlab.org.cn/ailab-sys/swesmith.x86_64.kayak_1776_pypika.1c9646f0:latest	7f43837d9d99	4.81GB	linux/amd64	pending
swebench/swesmith.x86_64.keleshev_1776_schema.24a30457:latest	registry.h.pjlab.org.cn/ailab-sys/swesmith.x86_64.keleshev_1776_schema.24a30457:latest	bafc02637438	4.66GB	linux/amd64	pending
swebench/swesmith.x86_64.kennethreitz_1776_records.5941ab27:latest	registry.h.pjlab.org.cn/ailab-sys/swesmith.x86_64.kennethreitz_1776_records.5941ab27:latest	513ce512aca0	4.72GB	linux/amd64	pending
swebench/swesmith.x86_64.kisielk_1776_errcheck.dacab891:latest	registry.h.pjlab.org.cn/ailab-sys/swesmith.x86_64.kisielk_1776_errcheck.dacab891:latest	1d4a8ab3b0ca	1.29GB	linux/amd64	pending
swebench/swesmith.x86_64.knio_1776_dominate.9082227e:latest	registry.h.pjlab.org.cn/ailab-sys/swesmith.x86_64.knio_1776_dominate.9082227e:latest	9bbd3fae4f84	4.66GB	linux/amd64	pending
swebench/swesmith.x86_64.krotik_1776_eliasdb.88a1da66:latest	registry.h.pjlab.org.cn/ailab-sys/swesmith.x86_64.krotik_1776_eliasdb.88a1da66:latest	1be08d512af4	1.4GB	linux/amd64	pending
swebench/swesmith.x86_64.kurtmckee_1776_feedparser.cad965a3:latest	registry.h.pjlab.org.cn/ailab-sys/swesmith.x86_64.kurtmckee_1776_feedparser.cad965a3:latest	75344f23b3da	4.91GB	linux/amd64	pending
swebench/swesmith.x86_64.kyoh86_1776_richgo.98af5f3a:latest	registry.h.pjlab.org.cn/ailab-sys/swesmith.x86_64.kyoh86_1776_richgo.98af5f3a:latest	9c09f6d29fe4	1.28GB	linux/amd64	pending
swebench/swesmith.x86_64.labstack_1776_echo.98ca08e7:latest	registry.h.pjlab.org.cn/ailab-sys/swesmith.x86_64.labstack_1776_echo.98ca08e7:latest	0b512da9c41c	1.56GB	linux/amd64	pending
swebench/swesmith.x86_64.ledisdb_1776_ledisdb.d35789ec:latest	registry.h.pjlab.org.cn/ailab-sys/swesmith.x86_64.ledisdb_1776_ledisdb.d35789ec:latest	1395fe0c9f3d	1.36GB	linux/amd64	pending
swebench/swesmith.x86_64.leekchan_1776_accounting.2e091173:latest	registry.h.pjlab.org.cn/ailab-sys/swesmith.x86_64.leekchan_1776_accounting.2e091173:latest	b43bd78893ca	1.26GB	linux/amd64	pending
swebench/swesmith.x86_64.lepture_1776_mistune.bf54ef67:latest	registry.h.pjlab.org.cn/ailab-sys/swesmith.x86_64.lepture_1776_mistune.bf54ef67:latest	a67f9e022c88	4.67GB	linux/amd64	pending
swebench/swesmith.x86_64.life4_1776_textdistance.c3aca916:latest	registry.h.pjlab.org.cn/ailab-sys/swesmith.x86_64.life4_1776_textdistance.c3aca916:latest	fec01b87c3b2	4.85GB	linux/amd64	pending
swebench/swesmith.x86_64.lincolnloop_1776_python-qrcode.456b01d4:latest	registry.h.pjlab.org.cn/ailab-sys/swesmith.x86_64.lincolnloop_1776_python-qrcode.456b01d4:latest	a1c5942d72cc	4.69GB	linux/amd64	pending
swebench/swesmith.x86_64.lqs_1776_sqlingo.ed36ef03:latest	registry.h.pjlab.org.cn/ailab-sys/swesmith.x86_64.lqs_1776_sqlingo.ed36ef03:latest	d5810d52ca01	1.28GB	linux/amd64	pending
swebench/swesmith.x86_64.luozhouyang_1776_python-string-similarity.115acaac:latest	registry.h.pjlab.org.cn/ailab-sys/swesmith.x86_64.luozhouyang_1776_python-string-similarity.115acaac:latest	5688f1ecdc59	4.66GB	linux/amd64	pending
swebench/swesmith.x86_64.madzak_1776_python-json-logger.5f85723f:latest	registry.h.pjlab.org.cn/ailab-sys/swesmith.x86_64.madzak_1776_python-json-logger.5f85723f:latest	ff8e0ec03d21	4.66GB	linux/amd64	pending
swebench/swesmith.x86_64.mahmoud_1776_boltons.3bfcfdd0:latest	registry.h.pjlab.org.cn/ailab-sys/swesmith.x86_64.mahmoud_1776_boltons.3bfcfdd0:latest	a68ab4364761	4.69GB	linux/amd64	pending
swebench/swesmith.x86_64.mahmoud_1776_glom.fb3c4e76:latest	registry.h.pjlab.org.cn/ailab-sys/swesmith.x86_64.mahmoud_1776_glom.fb3c4e76:latest	5fe91c5d1431	4.71GB	linux/amd64	pending
swebench/swesmith.x86_64.markedjs_1776_marked.dbf29d91:latest	registry.h.pjlab.org.cn/ailab-sys/swesmith.x86_64.markedjs_1776_marked.dbf29d91:latest	ec6069b718ef	2.41GB	linux/amd64	pending
swebench/swesmith.x86_64.marshmallow-code_1776_apispec.8b421526:latest	registry.h.pjlab.org.cn/ailab-sys/swesmith.x86_64.marshmallow-code_1776_apispec.8b421526:latest	27694ac338f1	4.54GB	linux/amd64	pending
swebench/swesmith.x86_64.marshmallow-code_1776_marshmallow.9716fc62:latest	registry.h.pjlab.org.cn/ailab-sys/swesmith.x86_64.marshmallow-code_1776_marshmallow.9716fc62:latest	f782501251f6	4.7GB	linux/amd64	pending
swebench/swesmith.x86_64.marshmallow-code_1776_webargs.dbde72fe:latest	registry.h.pjlab.org.cn/ailab-sys/swesmith.x86_64.marshmallow-code_1776_webargs.dbde72fe:latest	cc1526fecf16	4.73GB	linux/amd64	pending
swebench/swesmith.x86_64.martinblech_1776_xmltodict.0952f382:latest	registry.h.pjlab.org.cn/ailab-sys/swesmith.x86_64.martinblech_1776_xmltodict.0952f382:latest	90171f20311a	4.66GB	linux/amd64	pending
swebench/swesmith.x86_64.masterminds_1776_squirrel.1ded5784:latest	registry.h.pjlab.org.cn/ailab-sys/swesmith.x86_64.masterminds_1776_squirrel.1ded5784:latest	8b7a7b2f6acd	1.4GB	linux/amd64	pending
swebench/swesmith.x86_64.matthewwithanm_1776_python-markdownify.6258f5c3:latest	registry.h.pjlab.org.cn/ailab-sys/swesmith.x86_64.matthewwithanm_1776_python-markdownify.6258f5c3:latest	6a76c993c525	4.49GB	linux/amd64	pending
swebench/swesmith.x86_64.mattn_1776_go-sqlite3.f76bae4b:latest	registry.h.pjlab.org.cn/ailab-sys/swesmith.x86_64.mattn_1776_go-sqlite3.f76bae4b:latest	36773e98e9f7	1.28GB	linux/amd64	pending
swebench/swesmith.x86_64.maypok86_1776_otter.20ae57f9:latest	registry.h.pjlab.org.cn/ailab-sys/swesmith.x86_64.maypok86_1776_otter.20ae57f9:latest	dd7872e42aa8	1.6GB	linux/amd64	pending
swebench/swesmith.x86_64.mewwts_1776_addict.75284f95:latest	registry.h.pjlab.org.cn/ailab-sys/swesmith.x86_64.mewwts_1776_addict.75284f95:latest	f8650aba9f52	4.66GB	linux/amd64	pending
swebench/swesmith.x86_64.mgechev_1776_revive.03e81029:latest	registry.h.pjlab.org.cn/ailab-sys/swesmith.x86_64.mgechev_1776_revive.03e81029:latest	0964c58a56c1	1.39GB	linux/amd64	pending
swebench/swesmith.x86_64.mibk_1776_dupl.1bf052b6:latest	registry.h.pjlab.org.cn/ailab-sys/swesmith.x86_64.mibk_1776_dupl.1bf052b6:latest	860b6f482f51	1.26GB	linux/amd64	pending
swebench/swesmith.x86_64.mido_1776_mido.a0158ff9:latest	registry.h.pjlab.org.cn/ailab-sys/swesmith.x86_64.mido_1776_mido.a0158ff9:latest	4d7bb41c0ffd	4.76GB	linux/amd64	pending
swebench/swesmith.x86_64.mimino666_1776_langdetect.a1598f1a:latest	registry.h.pjlab.org.cn/ailab-sys/swesmith.x86_64.mimino666_1776_langdetect.a1598f1a:latest	1e0b261aa07f	4.66GB	linux/amd64	pending
swebench/swesmith.x86_64.modin-project_1776_modin.8c7799fd:latest	registry.h.pjlab.org.cn/ailab-sys/swesmith.x86_64.modin-project_1776_modin.8c7799fd:latest	7ffcac5edafb	7.6GB	linux/amd64	pending
swebench/swesmith.x86_64.mozilla_1776_bleach.73871d76:latest	registry.h.pjlab.org.cn/ailab-sys/swesmith.x86_64.mozilla_1776_bleach.73871d76:latest	1a833040c65e	4.98GB	linux/amd64	pending
swebench/swesmith.x86_64.mozillazg_1776_python-pinyin.e42dede5:latest	registry.h.pjlab.org.cn/ailab-sys/swesmith.x86_64.mozillazg_1776_python-pinyin.e42dede5:latest	e3b5bf609616	4.98GB	linux/amd64	pending
swebench/swesmith.x86_64.msiemens_1776_tinydb.10644a0e:latest	registry.h.pjlab.org.cn/ailab-sys/swesmith.x86_64.msiemens_1776_tinydb.10644a0e:latest	f8447c4aa11d	4.89GB	linux/amd64	pending
swebench/swesmith.x86_64.muesli_1776_cache2go.518229cd:latest	registry.h.pjlab.org.cn/ailab-sys/swesmith.x86_64.muesli_1776_cache2go.518229cd:latest	67ebc2602bb2	1.26GB	linux/amd64	pending
swebench/swesmith.x86_64.nalgeon_1776_redka.7c532df9:latest	registry.h.pjlab.org.cn/ailab-sys/swesmith.x86_64.nalgeon_1776_redka.7c532df9:latest	5c5d571156cc	1.28GB	linux/amd64	pending
swebench/swesmith.x86_64.nats-io_1776_nats-server.2ee2e24c:latest	registry.h.pjlab.org.cn/ailab-sys/swesmith.x86_64.nats-io_1776_nats-server.2ee2e24c:latest	e64300959eff	1.49GB	linux/amd64	pending
swebench/swesmith.x86_64.nikepan_1776_clickhouse-bulk.cdc261cb:latest	registry.h.pjlab.org.cn/ailab-sys/swesmith.x86_64.nikepan_1776_clickhouse-bulk.cdc261cb:latest	86a99440ab36	1.58GB	linux/amd64	pending
swebench/swesmith.x86_64.oauthlib_1776_oauthlib.1fd52536:latest	registry.h.pjlab.org.cn/ailab-sys/swesmith.x86_64.oauthlib_1776_oauthlib.1fd52536:latest	fb7e947b29f9	4.7GB	linux/amd64	pending
swebench/swesmith.x86_64.pallets_1776_click.fde47b4b:latest	registry.h.pjlab.org.cn/ailab-sys/swesmith.x86_64.pallets_1776_click.fde47b4b:latest	a88a2ff43cfe	4.66GB	linux/amd64	pending
swebench/swesmith.x86_64.pallets_1776_jinja.ada0a9a6:latest	registry.h.pjlab.org.cn/ailab-sys/swesmith.x86_64.pallets_1776_jinja.ada0a9a6:latest	0416d3b73c08	4.92GB	linux/amd64	pending
swebench/swesmith.x86_64.pallets_1776_markupsafe.620c06c9:latest	registry.h.pjlab.org.cn/ailab-sys/swesmith.x86_64.pallets_1776_markupsafe.620c06c9:latest	4df9b6e53271	4.91GB	linux/amd64	pending
swebench/swesmith.x86_64.pandas-dev_1776_pandas.95280573:latest	registry.h.pjlab.org.cn/ailab-sys/swesmith.x86_64.pandas-dev_1776_pandas.95280573:latest	d6b8867fd3cf	8.61GB	linux/amd64	pending
swebench/swesmith.x86_64.paramiko_1776_paramiko.23f92003:latest	registry.h.pjlab.org.cn/ailab-sys/swesmith.x86_64.paramiko_1776_paramiko.23f92003:latest	3e5d63045a18	4.87GB	linux/amd64	pending
swebench/swesmith.x86_64.pdfminer_1776_pdfminer.six.1a8bd2f7:latest	registry.h.pjlab.org.cn/ailab-sys/swesmith.x86_64.pdfminer_1776_pdfminer.six.1a8bd2f7:latest	0a5ac4a2d298	5.11GB	linux/amd64	pending
swebench/swesmith.x86_64.peterbourgon_1776_diskv.25663860:latest	registry.h.pjlab.org.cn/ailab-sys/swesmith.x86_64.peterbourgon_1776_diskv.25663860:latest	17e89187ed2f	1.26GB	linux/amd64	pending
swebench/swesmith.x86_64.peterh_1776_liner.58a15878:latest	registry.h.pjlab.org.cn/ailab-sys/swesmith.x86_64.peterh_1776_liner.58a15878:latest	51ce9111adf8	1.27GB	linux/amd64	pending
swebench/swesmith.x86_64.pexpect_1776_ptyprocess.1067dbda:latest	registry.h.pjlab.org.cn/ailab-sys/swesmith.x86_64.pexpect_1776_ptyprocess.1067dbda:latest	2f61413ba9d5	4.66GB	linux/amd64	pending
swebench/swesmith.x86_64.plar_1776_go-adaptive-radix-tree.63c2eff3:latest	registry.h.pjlab.org.cn/ailab-sys/swesmith.x86_64.plar_1776_go-adaptive-radix-tree.63c2eff3:latest	941b5f0051c3	1.28GB	linux/amd64	pending
swebench/swesmith.x86_64.pndurette_1776_gtts.dbcda4f3:latest	registry.h.pjlab.org.cn/ailab-sys/swesmith.x86_64.pndurette_1776_gtts.dbcda4f3:latest	fdb51e3da495	4.68GB	linux/amd64	pending
swebench/swesmith.x86_64.presmihaylov_1776_todocheck.f0fae9b5:latest	registry.h.pjlab.org.cn/ailab-sys/swesmith.x86_64.presmihaylov_1776_todocheck.f0fae9b5:latest	cbfdfd0d6bd2	1.29GB	linux/amd64	pending
swebench/swesmith.x86_64.prest_1776_prest.c54ddd30:latest	registry.h.pjlab.org.cn/ailab-sys/swesmith.x86_64.prest_1776_prest.c54ddd30:latest	119d3cd21a35	1.43GB	linux/amd64	pending
swebench/swesmith.x86_64.prettytable_1776_prettytable.ca90b055:latest	registry.h.pjlab.org.cn/ailab-sys/swesmith.x86_64.prettytable_1776_prettytable.ca90b055:latest	d2a54392e1cc	4.5GB	linux/amd64	pending
swebench/swesmith.x86_64.project-monai_1776_monai.a09c1f08:latest	registry.h.pjlab.org.cn/ailab-sys/swesmith.x86_64.project-monai_1776_monai.a09c1f08:latest	ada19e0d27da	48.1GB	linux/amd64	pending
swebench/swesmith.x86_64.psampaz_1776_go-mod-outdated.bb79367d:latest	registry.h.pjlab.org.cn/ailab-sys/swesmith.x86_64.psampaz_1776_go-mod-outdated.bb79367d:latest	d47ec4ac4db3	1.26GB	linux/amd64	pending
swebench/swesmith.x86_64.pudo_1776_dataset.5c2dc8d3:latest	registry.h.pjlab.org.cn/ailab-sys/swesmith.x86_64.pudo_1776_dataset.5c2dc8d3:latest	404e47d62196	4.69GB	linux/amd64	pending
swebench/swesmith.x86_64.pwaller_1776_pyfiglet.f8c5f35b:latest	registry.h.pjlab.org.cn/ailab-sys/swesmith.x86_64.pwaller_1776_pyfiglet.f8c5f35b:latest	338aa7cd4494	4.5GB	linux/amd64	pending
swebench/swesmith.x86_64.pyasn1_1776_pyasn1.0f07d724:latest	registry.h.pjlab.org.cn/ailab-sys/swesmith.x86_64.pyasn1_1776_pyasn1.0f07d724:latest	b7ea2a674ccf	4.79GB	linux/amd64	pending
swebench/swesmith.x86_64.pyca_1776_pyopenssl.04766a49:latest	registry.h.pjlab.org.cn/ailab-sys/swesmith.x86_64.pyca_1776_pyopenssl.04766a49:latest	3974591087af	4.69GB	linux/amd64	pending
swebench/swesmith.x86_64.pycqa_1776_flake8.cf1542ce:latest	registry.h.pjlab.org.cn/ailab-sys/swesmith.x86_64.pycqa_1776_flake8.cf1542ce:latest	e50f1a96c54f	4.69GB	linux/amd64	pending
swebench/swesmith.x86_64.pydantic_1776_pydantic.acb0f10f:latest	registry.h.pjlab.org.cn/ailab-sys/swesmith.x86_64.pydantic_1776_pydantic.acb0f10f:latest	ce89ce86b3cf	5.67GB	linux/amd64	pending
swebench/swesmith.x86_64.pydata_1776_patsy.a5d16484:latest	registry.h.pjlab.org.cn/ailab-sys/swesmith.x86_64.pydata_1776_patsy.a5d16484:latest	60bbd514959a	5.05GB	linux/amd64	pending
swebench/swesmith.x86_64.pydicom_1776_pydicom.7d361b3d:latest	registry.h.pjlab.org.cn/ailab-sys/swesmith.x86_64.pydicom_1776_pydicom.7d361b3d:latest	a3bd8efc6c40	4.8GB	linux/amd64	pending
swebench/swesmith.x86_64.pygments_1776_pygments.27649ebb:latest	registry.h.pjlab.org.cn/ailab-sys/swesmith.x86_64.pygments_1776_pygments.27649ebb:latest	ba403c3f4f52	4.77GB	linux/amd64	pending
swebench/swesmith.x86_64.pylint-dev_1776_astroid.b114f6b5:latest	registry.h.pjlab.org.cn/ailab-sys/swesmith.x86_64.pylint-dev_1776_astroid.b114f6b5:latest	c79266f57713	5.53GB	linux/amd64	pending
swebench/swesmith.x86_64.pyparsing_1776_pyparsing.533adf47:latest	registry.h.pjlab.org.cn/ailab-sys/swesmith.x86_64.pyparsing_1776_pyparsing.533adf47:latest	a95d3178aaa2	4.67GB	linux/amd64	pending
swebench/swesmith.x86_64.pytest-dev_1776_iniconfig.16793ead:latest	registry.h.pjlab.org.cn/ailab-sys/swesmith.x86_64.pytest-dev_1776_iniconfig.16793ead:latest	d737c0b8e456	4.66GB	linux/amd64	pending
swebench/swesmith.x86_64.python-hyper_1776_h11.bed0dd4a:latest	registry.h.pjlab.org.cn/ailab-sys/swesmith.x86_64.python-hyper_1776_h11.bed0dd4a:latest	12c9cc5f0d74	4.68GB	linux/amd64	pending
swebench/swesmith.x86_64.python-jsonschema_1776_jsonschema.93e0caa5:latest	registry.h.pjlab.org.cn/ailab-sys/swesmith.x86_64.python-jsonschema_1776_jsonschema.93e0caa5:latest	6275e28f787e	4.67GB	linux/amd64	pending
swebench/swesmith.x86_64.python-openxml_1776_python-docx.0cf6d71f:latest	registry.h.pjlab.org.cn/ailab-sys/swesmith.x86_64.python-openxml_1776_python-docx.0cf6d71f:latest	70735926a41f	5.06GB	linux/amd64	pending
swebench/swesmith.x86_64.python-trio_1776_trio.cfbbe2c1:latest	registry.h.pjlab.org.cn/ailab-sys/swesmith.x86_64.python-trio_1776_trio.cfbbe2c1:latest	315b96ad716b	5.12GB	linux/amd64	pending
swebench/swesmith.x86_64.python_1776_mypy.e93f06ce:latest	registry.h.pjlab.org.cn/ailab-sys/swesmith.x86_64.python_1776_mypy.e93f06ce:latest	2865c5492a06	4.93GB	linux/amd64	pending
swebench/swesmith.x86_64.pyupio_1776_safety.7654596b:latest	registry.h.pjlab.org.cn/ailab-sys/swesmith.x86_64.pyupio_1776_safety.7654596b:latest	0f4897839505	4.77GB	linux/amd64	pending
swebench/swesmith.x86_64.pyutils_1776_line_profiler.a646bf0f:latest	registry.h.pjlab.org.cn/ailab-sys/swesmith.x86_64.pyutils_1776_line_profiler.a646bf0f:latest	cfb09ad1534d	4.94GB	linux/amd64	pending
swebench/swesmith.x86_64.qustavo_1776_dotsql.5d06b890:latest	registry.h.pjlab.org.cn/ailab-sys/swesmith.x86_64.qustavo_1776_dotsql.5d06b890:latest	cf8dbace1700	1.27GB	linux/amd64	pending
swebench/swesmith.x86_64.r1chardj0n3s_1776_parse.30da9e4f:latest	registry.h.pjlab.org.cn/ailab-sys/swesmith.x86_64.r1chardj0n3s_1776_parse.30da9e4f:latest	17bde399ba19	4.67GB	linux/amd64	pending
swebench/swesmith.x86_64.raviqqe_1776_muffet.430e6937:latest	registry.h.pjlab.org.cn/ailab-sys/swesmith.x86_64.raviqqe_1776_muffet.430e6937:latest	39be7cfc3801	1.55GB	linux/amd64	pending
swebench/swesmith.x86_64.roaringbitmap_1776_roaring.09c46a0a:latest	registry.h.pjlab.org.cn/ailab-sys/swesmith.x86_64.roaringbitmap_1776_roaring.09c46a0a:latest	c49f05f20876	1.98GB	linux/amd64	pending
swebench/swesmith.x86_64.rosedblabs_1776_rosedb.4af513fe:latest	registry.h.pjlab.org.cn/ailab-sys/swesmith.x86_64.rosedblabs_1776_rosedb.4af513fe:latest	a9d986def961	1.28GB	linux/amd64	pending
swebench/swesmith.x86_64.rsalmei_1776_alive-progress.35853799:latest	registry.h.pjlab.org.cn/ailab-sys/swesmith.x86_64.rsalmei_1776_alive-progress.35853799:latest	44aa9ac482a7	5.09GB	linux/amd64	pending
swebench/swesmith.x86_64.rubik_1776_radon.54b88e58:latest	registry.h.pjlab.org.cn/ailab-sys/swesmith.x86_64.rubik_1776_radon.54b88e58:latest	0937d55e3ebb	4.69GB	linux/amd64	pending
swebench/swesmith.x86_64.rustedpy_1776_result.0b855e1e:latest	registry.h.pjlab.org.cn/ailab-sys/swesmith.x86_64.rustedpy_1776_result.0b855e1e:latest	dde9bd55e218	4.86GB	linux/amd64	pending
swebench/swesmith.x86_64.scanny_1776_python-pptx.278b47b1:latest	registry.h.pjlab.org.cn/ailab-sys/swesmith.x86_64.scanny_1776_python-pptx.278b47b1:latest	743fb721779b	5.12GB	linux/amd64	pending
swebench/swesmith.x86_64.scrapy_1776_scrapy.35212ec5:latest	registry.h.pjlab.org.cn/ailab-sys/swesmith.x86_64.scrapy_1776_scrapy.35212ec5:latest	22ba568522f8	4.9GB	linux/amd64	pending
swebench/swesmith.x86_64.seatgeek_1776_thefuzz.8a05a3ee:latest	registry.h.pjlab.org.cn/ailab-sys/swesmith.x86_64.seatgeek_1776_thefuzz.8a05a3ee:latest	5cad9021b3a0	4.72GB	linux/amd64	pending
swebench/swesmith.x86_64.seperman_1776_deepdiff.ed252022:latest	registry.h.pjlab.org.cn/ailab-sys/swesmith.x86_64.seperman_1776_deepdiff.ed252022:latest	379d2d260edd	5.2GB	linux/amd64	pending
swebench/swesmith.x86_64.serde-rs_1776_json.cd55b5a0:latest	registry.h.pjlab.org.cn/ailab-sys/swesmith.x86_64.serde-rs_1776_json.cd55b5a0:latest	a583a9ce4e2c	2.65GB	linux/amd64	pending
swebench/swesmith.x86_64.skeema_1776_skeema.defb0097:latest	registry.h.pjlab.org.cn/ailab-sys/swesmith.x86_64.skeema_1776_skeema.defb0097:latest	a4b2e77a1a53	1.32GB	linux/amd64	pending
swebench/swesmith.x86_64.sloria_1776_environs.73c372df:latest	registry.h.pjlab.org.cn/ailab-sys/swesmith.x86_64.sloria_1776_environs.73c372df:latest	3bdc0b1e58c4	4.6GB	linux/amd64	pending
swebench/swesmith.x86_64.spf13_1776_afero.f5375068:latest	registry.h.pjlab.org.cn/ailab-sys/swesmith.x86_64.spf13_1776_afero.f5375068:latest	69cd21af377a	1.33GB	linux/amd64	pending
swebench/swesmith.x86_64.spf13_1776_cobra.6dec1ae2:latest	registry.h.pjlab.org.cn/ailab-sys/swesmith.x86_64.spf13_1776_cobra.6dec1ae2:latest	d479e5ecc84b	1.26GB	linux/amd64	pending
swebench/swesmith.x86_64.spf13_1776_pflag.1c62fb28:latest	registry.h.pjlab.org.cn/ailab-sys/swesmith.x86_64.spf13_1776_pflag.1c62fb28:latest	53de62754a46	1.26GB	linux/amd64	pending
swebench/swesmith.x86_64.spulec_1776_freezegun.5f171db0:latest	registry.h.pjlab.org.cn/ailab-sys/swesmith.x86_64.spulec_1776_freezegun.5f171db0:latest	00e8f92db23d	4.7GB	linux/amd64	pending
swebench/swesmith.x86_64.sqlfluff_1776_sqlfluff.50a1c4b6:latest	registry.h.pjlab.org.cn/ailab-sys/swesmith.x86_64.sqlfluff_1776_sqlfluff.50a1c4b6:latest	88c5cac48e01	4.95GB	linux/amd64	pending
swebench/swesmith.x86_64.stanfordnlp_1776_dspy.651a4c71:latest	registry.h.pjlab.org.cn/ailab-sys/swesmith.x86_64.stanfordnlp_1776_dspy.651a4c71:latest	d5f83b4fd3e4	6.74GB	linux/amd64	pending
swebench/swesmith.x86_64.stanfordnlp_1776_string2string.c4a72f59:latest	registry.h.pjlab.org.cn/ailab-sys/swesmith.x86_64.stanfordnlp_1776_string2string.c4a72f59:latest	ec6d68c45459	20.3GB	linux/amd64	pending
swebench/swesmith.x86_64.sunpy_1776_sunpy.f8edfd5c:latest	registry.h.pjlab.org.cn/ailab-sys/swesmith.x86_64.sunpy_1776_sunpy.f8edfd5c:latest	a656ae5ccc1c	6.69GB	linux/amd64	pending
swebench/swesmith.x86_64.suor_1776_funcy.207a7810:latest	registry.h.pjlab.org.cn/ailab-sys/swesmith.x86_64.suor_1776_funcy.207a7810:latest	cff3ac9dcd54	4.66GB	linux/amd64	pending
swebench/swesmith.x86_64.termcolor_1776_termcolor.3a42086f:latest	registry.h.pjlab.org.cn/ailab-sys/swesmith.x86_64.termcolor_1776_termcolor.3a42086f:latest	e72c69fe4f5a	4.67GB	linux/amd64	pending
swebench/swesmith.x86_64.theskumar_1776_python-dotenv.2b8635b7:latest	registry.h.pjlab.org.cn/ailab-sys/swesmith.x86_64.theskumar_1776_python-dotenv.2b8635b7:latest	88ab2e25fa21	4.82GB	linux/amd64	pending
swebench/swesmith.x86_64.tidwall_1776_buntdb.3daff4e1:latest	registry.h.pjlab.org.cn/ailab-sys/swesmith.x86_64.tidwall_1776_buntdb.3daff4e1:latest	18000af5e59b	1.26GB	linux/amd64	pending
swebench/swesmith.x86_64.tkrajina_1776_gpxpy.09fc46b3:latest	registry.h.pjlab.org.cn/ailab-sys/swesmith.x86_64.tkrajina_1776_gpxpy.09fc46b3:latest	eaefeb7bb0dd	4.49GB	linux/amd64	pending
swebench/swesmith.x86_64.tobymao_1776_sqlglot.036601ba:latest	registry.h.pjlab.org.cn/ailab-sys/swesmith.x86_64.tobymao_1776_sqlglot.036601ba:latest	08bbf9a13106	5.39GB	linux/amd64	pending
swebench/swesmith.x86_64.tomarrell_1776_wrapcheck.486d5bbe:latest	registry.h.pjlab.org.cn/ailab-sys/swesmith.x86_64.tomarrell_1776_wrapcheck.486d5bbe:latest	35de7958e021	1.39GB	linux/amd64	pending
swebench/swesmith.x86_64.tornadoweb_1776_tornado.d5ac65c1:latest	registry.h.pjlab.org.cn/ailab-sys/swesmith.x86_64.tornadoweb_1776_tornado.d5ac65c1:latest	6c145000a2bf	4.91GB	linux/amd64	pending
swebench/swesmith.x86_64.tox-dev_1776_pipdeptree.c31b6418:latest	registry.h.pjlab.org.cn/ailab-sys/swesmith.x86_64.tox-dev_1776_pipdeptree.c31b6418:latest	80e25256f4e7	4.79GB	linux/amd64	pending
swebench/swesmith.x86_64.tweepy_1776_tweepy.91a41c6e:latest	registry.h.pjlab.org.cn/ailab-sys/swesmith.x86_64.tweepy_1776_tweepy.91a41c6e:latest	7aec60fb11d7	4.76GB	linux/amd64	pending
swebench/swesmith.x86_64.tylertreat_1776_boomfilters.db654574:latest	registry.h.pjlab.org.cn/ailab-sys/swesmith.x86_64.tylertreat_1776_boomfilters.db654574:latest	3ebd13d2e0ae	1.26GB	linux/amd64	pending
swebench/swesmith.x86_64.un33k_1776_python-slugify.872b3750:latest	registry.h.pjlab.org.cn/ailab-sys/swesmith.x86_64.un33k_1776_python-slugify.872b3750:latest	06e1a864eef1	4.56GB	linux/amd64	pending
swebench/swesmith.x86_64.vbauerster_1776_mpb.d30b5606:latest	registry.h.pjlab.org.cn/ailab-sys/swesmith.x86_64.vbauerster_1776_mpb.d30b5606:latest	dbaa5ee227cb	1.31GB	linux/amd64	pending
swebench/swesmith.x86_64.vi3k6i5_1776_flashtext.b316c7e9:latest	registry.h.pjlab.org.cn/ailab-sys/swesmith.x86_64.vi3k6i5_1776_flashtext.b316c7e9:latest	a1a4995f6288	4.66GB	linux/amd64	pending
swebench/swesmith.x86_64.viccon_1776_sturdyc.97fc006b:latest	registry.h.pjlab.org.cn/ailab-sys/swesmith.x86_64.viccon_1776_sturdyc.97fc006b:latest	532fd9ed3f94	1.26GB	linux/amd64	pending
swebench/swesmith.x86_64.victoriametrics_1776_fastcache.b7ccf30b:latest	registry.h.pjlab.org.cn/ailab-sys/swesmith.x86_64.victoriametrics_1776_fastcache.b7ccf30b:latest	7a0a25991fa2	1.37GB	linux/amd64	pending
swebench/swesmith.x86_64.vingarcia_1776_ksql.dadb4199:latest	registry.h.pjlab.org.cn/ailab-sys/swesmith.x86_64.vingarcia_1776_ksql.dadb4199:latest	f3772cdde63d	1.42GB	linux/amd64	pending
swebench/swesmith.x86_64.weaveworks_1776_grafanalib.5c3b17ed:latest	registry.h.pjlab.org.cn/ailab-sys/swesmith.x86_64.weaveworks_1776_grafanalib.5c3b17ed:latest	a5cf1839d25a	4.69GB	linux/amd64	pending
swebench/swesmith.x86_64.workiva_1776_go-datastructures.18d77378:latest	registry.h.pjlab.org.cn/ailab-sys/swesmith.x86_64.workiva_1776_go-datastructures.18d77378:latest	672a08027950	1.43GB	linux/amd64	pending
